INSERT INTO resources (endpointPath, serviceName, userSpecificId) VALUES
    ('/api/authorisation/resources', 'Authorisation Microservice', NULL),
    ('/api/blog/post', 'Blog Microservice', NULL),
    ('/api/blog/tag', 'Blog Microservice', NULL),
    ('/api/discount', 'Price Microservice', NULL),
    ('/api/discount/associate/product', 'Price Microservice', NULL),
    ('/api/discount/associate/user', 'Price Microservice', NULL),
    ('/api/order', 'Order Service', NULL),
    ('/api/products', 'Product Microservice', NULL),
    ('/api/products/variant/', 'Product Microservice', NULL),
    ('/api/products/media', 'Product Microservice', NULL),
    ('/api/notification/confirmEmail', 'Notification Microservice', NULL),
    ('/api/notification/deletedAccount', 'Notification Microservice', NULL),
    ('/api/notification/resetPassword', 'Notification Microservice', NULL),
    ('/api/notification/parcelReadyToPickup', 'Notification Microservice', NULL),
    ('/api/notification/productsAvailable', 'Notification Microservice', NULL),
    ('/api/notification/productsAmountIsLow', 'Notification Microservice', NULL),
    ('/api/notification/newBlogPosted', 'Notification Microservice', NULL),
    ('/api/notification/unhandledException', 'Notification Microservice', NULL);

INSERT INTO roles VALUES
    ('ADMIN'),
    ('USER_SPECIFIC'),
    ('BUYER'),
    ('LOGGED_USER'),
    ('NOT_RESTRICTED');

INSERT INTO resources_roles VALUES
    (1, 'ADMIN'),
    (2, 'BUYER'),
    (3, 'LOGGED_USER'),
    (4, 'USER_SPECIFIC'),
    (5, 'NOT_RESTRICTED'),
    (6, 'ADMIN'),
    (7, 'ADMIN'),
    (8, 'ADMIN'),
    (9, 'ADMIN'),
    (10, 'ADMIN'),
    (11, 'USER_SPECIFIC'),
    (12, 'ADMIN'),
    (13, 'USER_SPECIFIC'),
    (14, 'ADMIN'),
    (15, 'ADMIN'),
    (16, 'ADMIN'),
    (17, 'ADMIN'),
    (18, 'ADMIN'),
    (19, 'ADMIN'),
    (20, 'ADMIN'),
    (21, 'ADMIN'),
    (22, 'ADMIN'),
    (23, 'ADMIN'),
    (24, 'ADMIN');